.gitignore,2020-12-01
CNAME,2021-11-05
article/calendar.html,2021-10-14
article/click.html,2021-01-31
article/controller.html,2021-04-18
article/credit_card_refer.html,2022-01-08
article/draw_trochoid.html,2022-01-04
article/encode_string.html,2022-05-15
article/frog_toad.html,2021-05-01
article/github_io_deploy.html,2021-01-31
article/gol.html,2024-09-26
article/grid.html,2024-10-20
article/labyrinth.html,2021-12-25
article/leet/leet_2183.html,2022-02-20
article/library_of_haojun.html,2025-03-10
article/power_mod.html,2025-03-02
article/random_maze_1.html,2022-04-30
article/reading_list.html,2025-03-09
article/recursive_page.html,2021-12-24
article/set_up_website.html,2021-01-31
article/space_filling.html,2025-01-23
article/template.html,2025-03-09
article/tree.html,2021-12-18
article/uz.html,2024-12-26
article/virtual_card.html,2022-01-08
css/default.css,2022-01-26
css/leet.css,2022-02-20
get_last_commit_time.sh,2022-01-22
img/flame1.png,2018-02-23
img/flame2.png,2018-02-21
img/left.png,2021-01-23
img/right.png,2021-01-23
index.html,2025-03-10
lib/books.js,2025-03-10
lib/books.ts,2025-03-10
lib/library_of_hj.js,2025-03-10
lib/library_of_hj.ts,2025-03-10
lib/reading.js,2025-03-10
lib/reading.ts,2025-03-10
lib/tsconfig.json,2025-03-09
src/calendar.js,2021-01-23
src/calendar.ts,2021-01-23
src/disclaimer.js,2022-01-08
src/disclaimer.ts,2022-01-08
src/draw_trochoid.js,2022-01-04
src/draw_trochoid.ts,2022-01-04
src/encode_str.js,2024-12-27
src/encode_str.ts,2024-12-27
src/game_of_life.js,2024-09-27
src/game_of_life.ts,2024-09-27
src/grid.js,2024-10-20
src/grid.ts,2024-10-20
src/labyrinth.js,2021-12-18
src/labyrinth.ts,2021-12-18
src/last_modify.js,2022-01-22
src/last_modify.ts,2022-01-22
src/maze_v1.js,2022-04-30
src/maze_v1.ts,2022-04-30
src/power_mod.js,2025-03-02
src/power_mod.ts,2025-03-02
src/recursive_page.js,2021-12-24
src/recursive_page.ts,2021-12-24
src/space_filling.js,2025-03-02
src/space_filling.ts,2025-03-02
src/tree.js,2020-12-05
src/tree.ts,2020-12-05
src/update_color_meta.js,2022-01-29
src/update_color_meta.ts,2022-01-29
src/uz.js,2024-12-26
src/uz.ts,2024-12-26
